Naam;Id
Business Performance Analyst;1
Poetsmedewerker;2
CS Representative;3
CS Documentation Administrator;4
CS Warehouse Administrator;5
Accountant;6
Accountant Financial Projects;7
Billing Clerk;8
Receptionist;9
Safety Administrator;10
HES Manager;11
HR Officer;12
Analyst Programmer;13
Systems Engineer;14
Helpdesk Engineer;15
Security Engineer;16
Legal Advisor;17
Assistant Manager OPS;18
OPS Administrator;19
OPS Planner;20
Warehouse assistant;21
Warehouse supervisor;22
Purchase Administrator;23
Quality Administrator;24
Account Manager;25
Representative Inspection Team;26
Security Administrator;27
Transport Administrator;28
Transport Planner;29
